{"loss": [0.642764151096344, 0.4739283323287964, 0.36645573377609253, 0.2968646287918091, 0.22895652055740356, 0.18120621144771576, 0.1492723524570465, 0.12641160190105438, 0.11032505333423615, 0.09021776169538498, 0.06588450819253922, 0.06261877715587616, 0.05898187309503555, 0.061198264360427856, 0.054012056440114975, 0.058448344469070435, 0.043471451848745346, 0.04742210730910301, 0.047591157257556915, 0.035484589636325836, 0.039042893797159195, 0.04178044945001602, 0.03162053972482681, 0.037498220801353455, 0.035171594470739365, 0.03425814211368561, 0.0269668847322464, 0.05670247972011566, 0.07046306878328323, 0.07880174368619919, 0.049315765500068665, 0.05941621586680412, 0.052915122359991074, 0.054442573338747025, 0.04048120602965355, 0.03589766100049019, 0.03133541718125343, 0.031319960951805115, 0.02767031639814377, 0.028100745752453804, 0.023850787431001663, 0.023726843297481537, 0.02265608124434948, 0.02465604804456234, 0.03563641756772995, 0.03464457765221596, 0.03815653920173645, 0.034798696637153625, 0.039730560034513474, 0.03246399760246277, 0.04093023017048836, 0.03101038746535778, 0.03182687610387802, 0.028022347018122673, 0.04006696864962578, 0.029889771714806557, 0.02513551153242588, 0.029997481033205986, 0.022381337359547615, 0.020886974409222603, 0.02149389497935772, 0.020551461726427078, 0.032564595341682434, 0.021657831966876984, 0.02112591452896595, 0.027315184473991394, 0.034797973930835724, 0.058858681470155716, 0.043221365660429, 0.046563901007175446, 0.0418676882982254, 0.028966166079044342, 0.024493223056197166, 0.02397375926375389, 0.030778469517827034, 0.024667460471391678, 0.019392382353544235, 0.01924976333975792, 0.020609427243471146, 0.019875530153512955, 0.02768503502011299, 0.023804794996976852, 0.042449403554201126, 0.07910624891519547, 0.03924095630645752, 0.027098678052425385, 0.023926883935928345, 0.0233658105134964, 0.02147689275443554, 0.02068646438419819, 0.02107660286128521, 0.017963076010346413, 0.018645228818058968, 0.017884720116853714, 0.0180593803524971, 0.017664439976215363, 0.016928454861044884, 0.017362110316753387, 0.01673177257180214, 0.016734948381781578, 0.016539519652724266, 0.016486039385199547, 0.016280990093946457, 0.016177989542484283, 0.022942958399653435, 0.0369734987616539, 0.055712927132844925], "accuracy": [0.6586345434188843, 0.7823293209075928, 0.8473895788192749, 0.8883534073829651, 0.9204819202423096, 0.9397590160369873, 0.9429718852043152, 0.9630522131919861, 0.9710843563079834, 0.9767068028450012, 0.983132541179657, 0.9847389459609985, 0.9871485829353333, 0.9863454103469849, 0.9887550473213196, 0.9903614521026611, 0.9927710890769958, 0.9903614521026611, 0.9943774938583374, 0.9943774938583374, 0.9927710890769958, 0.9911646842956543, 0.9967871308326721, 0.9951807260513306, 0.9959839582443237, 0.9967871308326721, 0.9983935952186584, 0.9839357137680054, 0.9799196720123291, 0.9807229042053223, 0.9911646842956543, 0.9879518151283264, 0.9903614521026611, 0.9927710890769958, 0.9959839582443237, 0.993574321269989, 0.9951807260513306, 0.9959839582443237, 0.9967871308326721, 0.9975903630256653, 1.0, 0.9991967678070068, 1.0, 0.9991967678070068, 0.9967871308326721, 0.9959839582443237, 0.993574321269989, 0.9967871308326721, 0.9919678568840027, 0.993574321269989, 0.9911646842956543, 0.9959839582443237, 0.9951807260513306, 0.9975903630256653, 0.9919678568840027, 0.9975903630256653, 0.9983935952186584, 0.9967871308326721, 0.9991967678070068, 1.0, 1.0, 1.0, 0.9975903630256653, 0.9991967678070068, 0.9991967678070068, 0.9967871308326721, 0.9943774938583374, 0.9863454103469849, 0.9927710890769958, 0.9911646842956543, 0.9927710890769958, 0.9975903630256653, 0.9975903630256653, 0.9983935952186584, 0.9975903630256653, 0.9975903630256653, 1.0, 1.0, 0.9983935952186584, 1.0, 0.9959839582443237, 0.9983935952186584, 0.9903614521026611, 0.9823293089866638, 0.9911646842956543, 0.9959839582443237, 0.9983935952186584, 0.9991967678070068, 0.9983935952186584, 0.9983935952186584, 0.9983935952186584, 1.0, 0.9991967678070068, 1.0, 1.0, 1.0, 1.0, 1.0, 1.0, 1.0, 1.0, 1.0, 1.0, 1.0, 0.9967871308326721, 0.993574321269989, 0.9911646842956543], "val_loss": [0.6700326204299927, 0.6030049324035645, 0.5750744342803955, 0.5562832355499268, 0.4942592680454254, 0.5127739310264587, 0.5436413288116455, 0.5673858523368835, 0.5815340876579285, 0.6152878403663635, 0.731926679611206, 0.6882612109184265, 0.7490026354789734, 0.7967445850372314, 0.7138286828994751, 0.8475914001464844, 0.8126948475837708, 0.8526214957237244, 0.877713143825531, 0.7783128619194031, 1.1114641427993774, 1.0117899179458618, 1.2256468534469604, 0.8779101967811584, 0.9351538419723511, 0.9602281451225281, 0.9013757705688477, 0.8189552426338196, 1.180914044380188, 0.9642735123634338, 1.2129454612731934, 1.1950771808624268, 1.4143558740615845, 1.00588858127594, 1.201751470565796, 1.2722140550613403, 1.3671646118164062, 1.6713632345199585, 1.451708436012268, 1.5567125082015991, 1.4831877946853638, 1.4698946475982666, 1.2454546689987183, 1.1314300298690796, 1.1131374835968018, 1.1202753782272339, 1.7538607120513916, 1.1848771572113037, 0.6994068026542664, 0.577736496925354, 0.9692376852035522, 0.85854572057724, 0.8309573531150818, 0.7591623663902283, 1.033361554145813, 1.1045114994049072, 0.8427771329879761, 0.8169817924499512, 0.8043187260627747, 0.7608480453491211, 0.8114703297615051, 0.7329517006874084, 0.7656621932983398, 0.7406288981437683, 0.7639425992965698, 0.6501083970069885, 0.926484227180481, 0.70988529920578, 0.8948298692703247, 0.7608525156974792, 0.899997889995575, 0.6967140436172485, 0.695738673210144, 0.745520293712616, 0.7609349489212036, 0.7953229546546936, 0.7853134870529175, 0.762266218662262, 0.8006187677383423, 1.1788409948349, 2.027362823486328, 1.8035669326782227, 1.1211856603622437, 0.9456480145454407, 0.9637715220451355, 1.1092994213104248, 0.9169555306434631, 1.082991600036621, 0.9571428298950195, 1.0479720830917358, 1.1937402486801147, 1.2676743268966675, 1.2947776317596436, 1.2190070152282715, 1.2712830305099487, 1.2268253564834595, 1.2258070707321167, 1.2609992027282715, 1.2801570892333984, 1.289867639541626, 1.311519742012024, 1.3274859189987183, 1.3408622741699219, 1.3592809438705444, 1.3394972085952759, 1.2182973623275757, 1.4447252750396729],