{"loss": [0.6882840394973755, 0.5079717040061951, 0.4268573820590973, 0.3244154453277588, 0.27637362480163574, 0.21737150847911835, 0.19966110587120056, 0.15419258177280426, 0.14326618611812592, 0.1102437674999237, 0.10591480880975723, 0.102159284055233, 0.09924090653657913, 0.08711189776659012, 0.08703918755054474, 0.08333591371774673, 0.05881321802735329, 0.057521216571331024, 0.054399218410253525, 0.04711386188864708, 0.04578499495983124, 0.05037592351436615, 0.0438365563750267, 0.07080242037773132, 0.05970942974090576, 0.05838451907038689, 0.06468313187360764, 0.0476817823946476, 0.05569952353835106, 0.05338620766997337, 0.04967221990227699, 0.04907018318772316, 0.053531281650066376, 0.06339406967163086, 0.06225106120109558, 0.06771332770586014, 0.04853929951786995, 0.0400451198220253, 0.03839699178934097, 0.040081288665533066, 0.03275475651025772, 0.029122520238161087, 0.030564524233341217, 0.05772744119167328, 0.04706461355090141, 0.07971972972154617, 0.10247216373682022, 0.07045747339725494, 0.04620036855340004, 0.05613875761628151, 0.04505028948187828, 0.03810881823301315, 0.036559998989105225, 0.03925245255231857, 0.031195269897580147], "accuracy": [0.6746987700462341, 0.7678714990615845, 0.8136546015739441, 0.8578312993049622, 0.8971887826919556, 0.9228915572166443, 0.9341365694999695, 0.9574297070503235, 0.9518072009086609, 0.9702811241149902, 0.9630522131919861, 0.9759036302566528, 0.9767068028450012, 0.9759036302566528, 0.9799196720123291, 0.9799196720123291, 0.989558219909668, 0.9903614521026611, 0.9911646842956543, 0.9959839582443237, 0.993574321269989, 0.993574321269989, 0.993574321269989, 0.9839357137680054, 0.989558219909668, 0.9887550473213196, 0.9887550473213196, 0.9943774938583374, 0.9943774938583374, 0.989558219909668, 0.9911646842956543, 0.9919678568840027, 0.9911646842956543, 0.9879518151283264, 0.9879518151283264, 0.9887550473213196, 0.993574321269989, 0.9975903630256653, 0.9967871308326721, 0.993574321269989, 0.9991967678070068, 0.9991967678070068, 0.9983935952186584, 0.989558219909668, 0.9951807260513306, 0.9775100350379944, 0.9759036302566528, 0.9839357137680054, 0.993574321269989, 0.9919678568840027, 0.9959839582443237, 0.9975903630256653, 0.9951807260513306, 0.9967871308326721, 0.9983935952186584], "val_loss": [1.2380083799362183, 3.7629289627075195, 1.7135919332504272, 2.2796919345855713, 2.175075054168701, 1.8753345012664795, 1.6441974639892578, 1.3573426008224487, 1.4592063426971436, 1.2746281623840332, 0.8798101544380188, 1.0319709777832031, 0.8257742524147034, 0.8573463559150696, 0.8703873753547668, 0.8102318048477173, 0.8572568893432617, 0.7833237051963806, 0.8869311809539795, 0.8388920426368713, 0.8027284145355225, 0.8948768377304077, 1.191659927368164, 0.7635300755500793, 0.8846388459205627, 0.8922496438026428, 0.9794830679893494, 1.0240116119384766, 1.3594329357147217, 1.1369202136993408, 1.1490691900253296, 1.1054354906082153, 0.8457321524620056, 0.9026286602020264, 1.1912921667099, 1.319570541381836, 0.9795433282852173, 0.9735668897628784, 1.0802091360092163, 1.0360027551651, 0.9513016939163208, 0.9420621991157532, 1.1220380067825317, 1.239916205406189, 1.3146828413009644, 1.3712583780288696, 2.162456512451172, 1.2006428241729736, 1.0414749383926392, 0.9829075932502747, 1.0085887908935547, 0.9070431590080261, 1.1017584800720215, 0.8892564177513123, 1.1829560995101929], "val_accuracy": [0.41025641560554504, 0.41025641560554504, 0.41025641560554504, 0.41025641560554504, 0.41025641560554504, 0.41025641560554504, 0.44871795177459717, 0.5705128312110901, 0.6089743375778198, 0.6858974099159241, 0.7371794581413269, 0.692307710647583, 0.6987179517745972, 0.7243589758872986, 0.7115384340286255, 0.75, 0.7371794581413269, 0.75, 0.7435897588729858, 0.7756410241127014, 0.7884615659713745, 0.75, 0.7884615659713745, 0.7820512652397156, 0.8141025900840759, 0.7371794581413269, 0.7820512652397156, 0.7692307829856873, 0.7435897588729858, 0.7243589758872986, 0.7435897588729858, 0.7371794581413269, 0.7820512652397156, 0.7692307829856873, 0.7371794581413269, 0.7307692170143127, 0.7692307829856873, 0.75, 0.7564102411270142, 0.7564102411270142, 0.7564102411270142, 0.7564102411270142, 0.7243589758872986, 0.7435897588729858, 0.7435897588729858, 0.7564102411270142, 0.7371794581413269, 0.7628205418586731, 0.7628205418586731, 0.7884615659713745, 0.7884615659713745, 0.7692307829856873, 0.7628205418586731, 0.7756410241127014, 0.7756410241127014]}