{"loss": [0.0687921866774559, 0.0712854266166687, 0.06585629284381866, 0.05929587036371231, 0.0685705617070198, 0.07143331319093704, 0.07503732293844223, 0.10667870193719864, 0.07230859249830246, 0.06217506155371666, 0.06044372171163559, 0.07430614531040192, 0.059992607682943344, 0.08292397111654282, 0.08336368203163147, 0.07363447546958923, 0.0865834578871727, 0.07130153477191925, 0.06430315971374512, 0.06195809319615364, 0.06053036451339722, 0.07757573574781418, 0.12205393612384796, 0.08788515627384186, 0.06813821196556091, 0.06043943762779236, 0.058071624487638474, 0.05675561726093292, 0.05615660920739174, 0.055363986641168594, 0.05430002510547638, 0.05346790701150894, 0.05269458144903183, 0.05196215957403183, 0.05118206888437271, 0.05046337470412254, 0.04960721358656883, 0.0488286092877388, 0.04795769602060318, 0.04708772525191307, 0.04612269625067711, 0.045296601951122284, 0.044391050934791565, 0.04341265186667442, 0.042481862008571625, 0.041521430015563965, 0.04050901532173157, 0.03956896439194679, 0.038509778678417206, 0.04043589159846306, 0.6929822564125061, 0.5503660440444946, 0.42735055088996887, 0.24321958422660828, 0.11584620922803879, 0.1245020255446434, 0.07733350247144699, 0.08226526528596878, 0.06529615074396133, 0.060860760509967804, 0.06431643664836884, 0.06339351832866669, 0.05137959495186806, 0.0631762221455574, 0.058431919664144516], "accuracy": [0.9959839582443237, 0.9951807260513306, 0.9975903630256653, 0.9991967678070068, 0.9959839582443237, 0.9975903630256653, 0.9951807260513306, 0.9807229042053223, 0.9959839582443237, 1.0, 0.9991967678070068, 0.9959839582443237, 1.0, 0.9887550473213196, 0.9919678568840027, 0.9951807260513306, 0.9903614521026611, 0.9975903630256653, 0.9983935952186584, 0.9991967678070068, 0.9983935952186584, 0.9919678568840027, 0.9751003980636597, 0.989558219909668, 0.9967871308326721, 1.0, 1.0, 1.0, 1.0, 1.0, 1.0, 1.0, 1.0, 1.0, 1.0, 1.0, 1.0, 1.0, 1.0, 1.0, 1.0, 1.0, 1.0, 1.0, 1.0, 1.0, 1.0, 1.0, 1.0, 0.9991967678070068, 0.7020080089569092, 0.746184766292572, 0.8200803399085999, 0.9220883250236511, 0.9775100350379944, 0.972690761089325, 0.9911646842956543, 0.9911646842956543, 0.9951807260513306, 0.9967871308326721, 0.9959839582443237, 0.9983935952186584, 1.0, 0.9967871308326721, 0.9991967678070068], "val_loss": [1.9486416578292847, 1.8456839323043823, 2.2818238735198975, 1.6445642709732056, 6.341645240783691, 1.6132547855377197, 2.0683398246765137, 2.211458444595337, 2.714848756790161, 1.5974584817886353, 2.0670175552368164, 1.503460168838501, 1.705920934677124, 5.147950649261475, 1.5433284044265747, 3.0689167976379395, 2.1765389442443848, 1.5149481296539307, 2.9809012413024902, 1.8256646394729614, 3.805900812149048, 5.385841369628906, 1.3323397636413574, 0.962742269039154, 2.267806053161621, 1.4871795177459717, 1.4882557392120361, 1.5174763202667236, 1.5375229120254517, 1.5351901054382324, 1.6480761766433716, 1.6527124643325806, 1.6130220890045166, 1.6360589265823364, 1.6431313753128052, 1.7228610515594482, 1.6534091234207153, 1.6395658254623413, 1.6100006103515625, 1.6779117584228516, 1.722843885421753, 1.699463129043579, 1.721311330795288, 1.6205917596817017, 1.652240514755249, 1.637184977531433, 1.6050671339035034, 1.8620525598526, 1.715692400932312, 16.931734085083008, 0.701328456401825, 0.8463563919067383, 1.2975701093673706, 2.8611090183258057, 2.89046049118042, 1.3372586965560913, 1.2176129817962646, 1.5405992269515991, 2.645738363265991, 2.663480281829834, 1.5364748239517212, 2.4217185974121094, 1.550115942955017, 2.5222086906433105, 1.6006959676742554], "val_accuracy": [0.6602563858032227, 0.7051281929016113, 0.6346153616905212, 0.6858974099159241, 0.4615384638309479, 0.6602563858032227, 0.6282051205635071, 0.6089743375778198, 0.6089743375778198, 0.6474359035491943, 0.6602563858032227, 0.6602563858032227, 0.692307710647583, 0.5320512652397156, 0.6410256624221802, 0.5769230723381042, 0.6217948794364929, 0.6666666865348816, 0.5897436141967773, 0.6602563858032227, 0.5512820482254028, 0.5192307829856873, 0.692307710647583, 0.6346153616905212, 0.6153846383094788, 0.6730769276618958, 0.6858974099159241, 0.6987179517745972, 0.6858974099159241, 0.7243589758872986, 0.7051281929016113, 0.7115384340286255, 0.7115384340286255, 0.6987179517745972, 0.7051281929016113, 0.7115384340286255, 0.7051281929016113, 0.6987179517745972, 0.692307710647583, 0.7179487347602844, 0.7179487347602844, 0.7051281929016113, 0.7051281929016113, 0.6794871687889099, 0.692307710647583, 0.692307710647583, 0.7051281929016113, 0.6602563858032227, 0.6987179517745972, 0.41025641560554504, 0.6602563858032227, 0.5448718070983887, 0.5192307829856873, 0.5064102411270142, 0.5128205418586731, 0.6474359035491943, 0.6666666865348816, 0.6602563858032227, 0.5897436141967773, 0.5256410241127014, 0.692307710647583, 0.5961538553237915, 0.6602563858032227, 0.6346153616905212, 0.6410256624221802]}