{"loss": [0.7309289574623108, 0.6899140477180481, 0.7147002220153809, 0.6708924770355225, 0.5656135082244873, 0.5049232840538025, 0.4931684732437134, 0.429987370967865, 0.42945581674575806, 0.3832292854785919, 0.3497183918952942, 0.31066620349884033, 0.2742736041545868, 0.2298896461725235, 0.24299149215221405, 0.25848478078842163, 0.2241651713848114, 0.20245184004306793, 0.17322781682014465, 0.17581652104854584, 0.17387434840202332, 0.16388098895549774, 0.14572975039482117, 0.17046238481998444, 0.1572457253932953, 0.16407325863838196, 0.21191394329071045, 0.2019139528274536, 0.1265697032213211, 0.1003478616476059, 0.0942595973610878, 0.09241027384996414, 0.07657026499509811, 0.0774666890501976, 0.0667794868350029, 0.058310266584157944, 0.0917123481631279, 0.07549237459897995, 0.07419221848249435, 0.06015045940876007, 0.053746119141578674, 0.09012304991483688, 0.0891576036810875, 0.0642542913556099, 0.050489094108343124], "accuracy": [0.5228915810585022, 0.5943775177001953, 0.5349397659301758, 0.6152610182762146, 0.7172690629959106, 0.769477903842926, 0.7783132791519165, 0.8216867446899414, 0.8136546015739441, 0.850602388381958, 0.8530120253562927, 0.8835341334342957, 0.902008056640625, 0.914859414100647, 0.9156626462936401, 0.9108433723449707, 0.9180722832679749, 0.9333333373069763, 0.9461847543716431, 0.9405622482299805, 0.9469879269599915, 0.9405622482299805, 0.9510040283203125, 0.9413654804229736, 0.942168653011322, 0.942168653011322, 0.9277108311653137, 0.9212851524353027, 0.9606425762176514, 0.9670682549476624, 0.9759036302566528, 0.9799196720123291, 0.9791164398193359, 0.9799196720123291, 0.9815260767936707, 0.9847389459609985, 0.9702811241149902, 0.9759036302566528, 0.9807229042053223, 0.9855421781539917, 0.9847389459609985, 0.9783132672309875, 0.9710843563079834, 0.9791164398193359, 0.9855421781539917], "val_loss": [0.6907573938369751, 0.7877753376960754, 0.6623591184616089, 0.547464907169342, 0.41437095403671265, 0.37551191449165344, 0.37684446573257446, 0.3190614581108093, 0.3591621220111847, 0.4421207308769226, 0.4289507269859314, 0.3061675727367401, 0.3310905992984772, 0.35480350255966187, 0.5090994834899902, 0.484657347202301, 0.3811698257923126, 0.5562877058982849, 0.4135689437389374, 0.41813188791275024, 0.3751581013202667, 0.3532913029193878, 0.4985096752643585, 0.3936055600643158, 0.34857168793678284, 0.3748607337474823, 0.39050716161727905, 0.4468373954296112, 0.597951352596283, 0.5850178003311157, 0.4800034165382385, 0.4675135612487793, 0.488477498292923, 0.4629950523376465, 0.553909957408905, 0.5903695225715637, 0.5647265315055847, 0.533861517906189, 0.6320058107376099, 0.5788493752479553, 0.6286090612411499, 0.5256038308143616, 0.5064972639083862, 0.5964535474777222, 0.7000632882118225], "val_accuracy": [0.7051281929016113, 0.41025641560554504, 0.7179487347602844, 0.7756410241127014, 0.8397436141967773, 0.8269230723381042, 0.8333333134651184, 0.8717948794364929, 0.8589743375778198, 0.807692289352417, 0.807692289352417, 0.8717948794364929, 0.8846153616905212, 0.8653846383094788, 0.8333333134651184, 0.8012820482254028, 0.8782051205635071, 0.8205128312110901, 0.8525640964508057, 0.8653846383094788, 0.8717948794364929, 0.8397436141967773, 0.8269230723381042, 0.8846153616905212, 0.8910256624221802, 0.8782051205635071, 0.8653846383094788, 0.8397436141967773, 0.7948718070983887, 0.8205128312110901, 0.8589743375778198, 0.8525640964508057, 0.8589743375778198, 0.8525640964508057, 0.8589743375778198, 0.8525640964508057, 0.8269230723381042, 0.8525640964508057, 0.8525640964508057, 0.8653846383094788, 0.8461538553237915, 0.8397436141967773, 0.8717948794364929, 0.8397436141967773, 0.8589743375778198]}